{
    "modules": [
        {
            "config": {
                "position": [
                    87,
                    168
                ]
            },
            "name": "New Model Object",
            "value": {
                "actionGroup": {
                    "_default0_list": true,
                    "_default1_show": false,
                    "_default2_new_create": false,
                    "_default3_edit_update": false,
                    "_default4_delete": false,
                    "customActions": []
                },
                "name": "Route",
                "objectsettings": {
                    "addDeletedField": true,
                    "addHiddenField": true,
                    "addStarttimeEndtimeFields": true,
                    "aggregateRoot": true,
                    "categorizable": false,
                    "description": "",
                    "mapToTable": "",
                    "parentClass": "",
                    "sorting": false,
                    "type": "Entity",
                    "uid": "379595219632"
                },
                "propertyGroup": {
                    "properties": []
                },
                "relationGroup": {
                    "relations": []
                }
            }
        }
    ],
    "properties": {
        "backendModules": [],
        "description": "",
        "emConf": {
            "category": "plugin",
            "custom_category": "",
            "dependsOn": "typo3 => 7.6.0-7.6.99\n",
            "disableLocalization": false,
            "disableVersioning": false,
            "skipGenerateDocumentationTemplate": false,
            "sourceLanguage": "en",
            "state": "alpha",
            "targetVersion": "7.6.0-7.6.99",
            "version": ""
        },
        "extensionKey": "route",
        "name": "Route",
        "originalExtensionKey": "",
        "originalVendorName": "",
        "persons": [],
        "plugins": [
            {
                "actions": {
                    "controllerActionCombinations": "",
                    "noncacheableActions": "",
                    "switchableActions": ""
                },
                "key": "route",
                "name": "Route"
            }
        ],
        "vendorName": "TYPO3"
    },
    "wires": [],
    "log": {
        "last_modified": "2015-11-30 10:33",
        "extension_builder_version": "7.6.0",
        "be_user": " (1)"
    }
}