<T3DataStructure>
	<meta>
		<langDisable>1</langDisable>
	</meta>
	<sheets>
		<main>
			<ROOT>
				<TCEforms>
					<sheetTitle>Main Settings</sheetTitle>
				</TCEforms>
				<type>array</type>
				<el>				

					<settings.latitude>
						<TCEforms>
							<label>Latitude</label>
							<config>
								<type>input</type>
								<size>25</size>
								<max>25</max>
								<eval>trim</eval>
							</config>
						</TCEforms>
					</settings.latitude>
					<settings.longitude>
						<TCEforms>
							<label>Longitude</label>
							<config>
								<type>input</type>
								<size>25</size>
								<max>25</max>
								<eval>trim</eval>
							</config>
						</TCEforms>
					</settings.longitude>

					<settings.zoomLevel>
						<TCEforms>
							<label>Zoom Level</label>
							<config>
								<type>input</type>
								<size>25</size>
								<max>25</max>
								<eval>trim</eval>
							</config>
						</TCEforms>
					</settings.zoomLevel>

					<settings.destination>
						<TCEforms>
							<label>Default Destination Address</label>
							<config>
								<type>input</type>
								<size>25</size>
								<max>100</max>
								<eval>trim</eval>
							</config>
						</TCEforms>
					</settings.destination>

				</el>
			</ROOT>
		</main>

	</sheets>
</T3DataStructure>