{
    "modules": [
        {
            "config": {
                "position": [
                    89,
                    102
                ]
            },
            "name": "New Model Object",
            "value": {
                "actionGroup": {
                    "_default0_list": true,
                    "_default1_show": false,
                    "_default2_new_create": false,
                    "_default3_edit_update": false,
                    "_default4_delete": false,
                    "customActions": []
                },
                "name": "Category",
                "objectsettings": {
                    "addDeletedField": true,
                    "addHiddenField": true,
                    "addStarttimeEndtimeFields": true,
                    "aggregateRoot": true,
                    "categorizable": false,
                    "description": "",
                    "mapToTable": "",
                    "parentClass": "",
                    "sorting": false,
                    "type": "Entity",
                    "uid": "1307498192345"
                },
                "propertyGroup": {
                    "properties": [
                        {
                            "allowedFileTypes": "",
                            "maxItems": "1",
                            "propertyDescription": "",
                            "propertyIsExcludeField": true,
                            "propertyIsRequired": false,
                            "propertyName": "title",
                            "propertyType": "String",
                            "uid": "1002572387361"
                        }
                    ]
                },
                "relationGroup": {
                    "relations": []
                }
            }
        },
        {
            "config": {
                "position": [
                    479,
                    72
                ]
            },
            "name": "New Model Object",
            "value": {
                "actionGroup": {
                    "_default0_list": true,
                    "_default1_show": true,
                    "_default2_new_create": false,
                    "_default3_edit_update": false,
                    "_default4_delete": false,
                    "customActions": []
                },
                "name": "Room",
                "objectsettings": {
                    "addDeletedField": true,
                    "addHiddenField": true,
                    "addStarttimeEndtimeFields": true,
                    "aggregateRoot": true,
                    "categorizable": false,
                    "description": "",
                    "mapToTable": "",
                    "parentClass": "",
                    "sorting": false,
                    "type": "Entity",
                    "uid": "1236599467958"
                },
                "propertyGroup": {
                    "properties": [
                        {
                            "allowedFileTypes": "",
                            "maxItems": "1",
                            "propertyDescription": "",
                            "propertyIsExcludeField": true,
                            "propertyIsRequired": false,
                            "propertyName": "title",
                            "propertyType": "String",
                            "uid": "583807958437"
                        },
                        {
                            "allowedFileTypes": "",
                            "maxItems": "1",
                            "propertyDescription": "",
                            "propertyIsExcludeField": true,
                            "propertyIsRequired": false,
                            "propertyName": "sorttext",
                            "propertyType": "Text",
                            "uid": "854822230942"
                        },
                        {
                            "allowedFileTypes": "",
                            "maxItems": "1",
                            "propertyDescription": "",
                            "propertyIsExcludeField": true,
                            "propertyIsRequired": false,
                            "propertyName": "description",
                            "propertyType": "RichText",
                            "uid": "217000324773"
                        },
                        {
                            "allowedFileTypes": "",
                            "maxItems": "1",
                            "propertyDescription": "",
                            "propertyIsExcludeField": true,
                            "propertyIsRequired": false,
                            "propertyName": "images",
                            "propertyType": "Image",
                            "uid": "626203264913"
                        },
                        {
                            "allowedFileTypes": "",
                            "maxItems": "1",
                            "propertyDescription": "",
                            "propertyIsExcludeField": true,
                            "propertyIsRequired": false,
                            "propertyName": "features",
                            "propertyType": "RichText",
                            "uid": "1078203789462"
                        },
                        {
                            "allowedFileTypes": "",
                            "maxItems": "1",
                            "propertyDescription": "",
                            "propertyIsExcludeField": true,
                            "propertyIsRequired": false,
                            "propertyName": "minPerson",
                            "propertyType": "String",
                            "uid": "1418005649580"
                        },
                        {
                            "allowedFileTypes": "",
                            "maxItems": "1",
                            "propertyDescription": "",
                            "propertyIsExcludeField": true,
                            "propertyIsRequired": false,
                            "propertyName": "maxPerson",
                            "propertyType": "String",
                            "uid": "1239925406060"
                        },
                        {
                            "allowedFileTypes": "",
                            "maxItems": "1",
                            "propertyDescription": "",
                            "propertyIsExcludeField": true,
                            "propertyIsRequired": false,
                            "propertyName": "singleRoomFee",
                            "propertyType": "String",
                            "uid": "1400426087865"
                        },
                        {
                            "allowedFileTypes": "",
                            "maxItems": "1",
                            "propertyDescription": "",
                            "propertyIsExcludeField": true,
                            "propertyIsRequired": false,
                            "propertyName": "extraFee",
                            "propertyType": "String",
                            "uid": "385970629196"
                        },
                        {
                            "allowedFileTypes": "",
                            "maxItems": "1",
                            "propertyDescription": "",
                            "propertyIsExcludeField": true,
                            "propertyIsRequired": false,
                            "propertyName": "links",
                            "propertyType": "RichText",
                            "uid": "150062474555"
                        },
                        {
                            "allowedFileTypes": "",
                            "maxItems": "1",
                            "propertyDescription": "",
                            "propertyIsExcludeField": true,
                            "propertyIsRequired": false,
                            "propertyName": "roomSize",
                            "propertyType": "String",
                            "uid": "153959526350"
                        },
                        {
                            "allowedFileTypes": "",
                            "maxItems": "1",
                            "propertyDescription": "",
                            "propertyIsExcludeField": true,
                            "propertyIsRequired": false,
                            "propertyName": "meals",
                            "propertyType": "String",
                            "uid": "300695371956"
                        },
                        {
                            "allowedFileTypes": "",
                            "maxItems": "1",
                            "propertyDescription": "",
                            "propertyIsExcludeField": true,
                            "propertyIsRequired": false,
                            "propertyName": "price",
                            "propertyType": "String",
                            "uid": "761552809919"
                        },
                        {
                            "allowedFileTypes": "",
                            "maxItems": "1",
                            "propertyDescription": "",
                            "propertyIsExcludeField": true,
                            "propertyIsRequired": false,
                            "propertyName": "view",
                            "propertyType": "Image",
                            "uid": "371039762538"
                        },
                        {
                            "allowedFileTypes": "",
                            "maxItems": "1",
                            "propertyDescription": "",
                            "propertyIsExcludeField": true,
                            "propertyIsRequired": false,
                            "propertyName": "additionalPriceInfo",
                            "propertyType": "RichText",
                            "uid": "1003206784251"
                        }
                    ]
                },
                "relationGroup": {
                    "relations": [
                        {
                            "foreignRelationClass": "",
                            "lazyLoading": false,
                            "propertyIsExcludeField": true,
                            "relationDescription": "",
                            "relationName": "category",
                            "relationType": "manyToMany",
                            "relationWire": "[wired]",
                            "uid": "467727255508"
                        },
                        {
                            "foreignRelationClass": "",
                            "lazyLoading": false,
                            "propertyIsExcludeField": true,
                            "relationDescription": "",
                            "relationName": "season",
                            "relationType": "manyToMany",
                            "relationWire": "[wired]",
                            "uid": "1273739206246"
                        },
                        {
                            "foreignRelationClass": "",
                            "lazyLoading": false,
                            "propertyIsExcludeField": true,
                            "relationDescription": "",
                            "relationName": "realtedRooms",
                            "relationType": "manyToMany",
                            "relationWire": "[wired]",
                            "uid": "1275471811249"
                        }
                    ]
                }
            }
        },
        {
            "config": {
                "position": [
                    112,
                    450
                ]
            },
            "name": "New Model Object",
            "value": {
                "actionGroup": {
                    "_default0_list": false,
                    "_default1_show": false,
                    "_default2_new_create": false,
                    "_default3_edit_update": false,
                    "_default4_delete": false,
                    "customActions": []
                },
                "name": "Season",
                "objectsettings": {
                    "addDeletedField": true,
                    "addHiddenField": true,
                    "addStarttimeEndtimeFields": true,
                    "aggregateRoot": false,
                    "categorizable": false,
                    "description": "",
                    "mapToTable": "",
                    "parentClass": "",
                    "sorting": false,
                    "type": "Entity",
                    "uid": "613246660401"
                },
                "propertyGroup": {
                    "properties": [
                        {
                            "allowedFileTypes": "",
                            "maxItems": "1",
                            "propertyDescription": "",
                            "propertyIsExcludeField": true,
                            "propertyIsRequired": false,
                            "propertyName": "season",
                            "propertyType": "String",
                            "uid": "1253826607945"
                        },
                        {
                            "allowedFileTypes": "",
                            "maxItems": "1",
                            "propertyDescription": "",
                            "propertyIsExcludeField": true,
                            "propertyIsRequired": false,
                            "propertyName": "price",
                            "propertyType": "RichText",
                            "uid": "523461653251"
                        }
                    ]
                },
                "relationGroup": {
                    "relations": []
                }
            }
        }
    ],
    "properties": {
        "backendModules": [],
        "description": "Room Managment",
        "emConf": {
            "category": "plugin",
            "custom_category": "",
            "dependsOn": "typo3 => 7.6.0-7.6.99\n",
            "disableLocalization": false,
            "disableVersioning": false,
            "skipGenerateDocumentationTemplate": false,
            "sourceLanguage": "en",
            "state": "alpha",
            "targetVersion": "7.6.0-7.6.99",
            "version": ""
        },
        "extensionKey": "ag_room",
        "name": "Room Managment",
        "originalExtensionKey": "ag_room",
        "originalVendorName": "AG",
        "persons": [],
        "plugins": [
            {
                "actions": {
                    "controllerActionCombinations": "",
                    "noncacheableActions": "",
                    "switchableActions": ""
                },
                "key": "room",
                "name": "Room Managment"
            }
        ],
        "vendorName": "AG"
    },
    "wires": [
        {
            "src": {
                "moduleId": 1,
                "terminal": "relationWire_0",
                "uid": "467727255508"
            },
            "tgt": {
                "moduleId": 0,
                "terminal": "SOURCES",
                "uid": "1307498192345"
            }
        },
        {
            "src": {
                "moduleId": 1,
                "terminal": "relationWire_1",
                "uid": "1273739206246"
            },
            "tgt": {
                "moduleId": 2,
                "terminal": "SOURCES",
                "uid": "613246660401"
            }
        },
        {
            "src": {
                "moduleId": 1,
                "terminal": "relationWire_2",
                "uid": "1275471811249"
            },
            "tgt": {
                "moduleId": 1,
                "terminal": "SOURCES",
                "uid": "1236599467958"
            }
        }
    ],
    "log": {
        "last_modified": "2016-03-10 02:26",
        "extension_builder_version": "7.6.0",
        "be_user": " (1)"
    }
}