<T3DataStructure>
    <meta>
        <langDisable>1</langDisable>
    </meta>
    <sheets>
        <sDEF>
            <ROOT>
                <TCEforms>
                    <sheetTitle>LLL:EXT:bridge_jobs/Resources/Private/Language/locallang_flexform.xlf:flexforms_general.generalSetting</sheetTitle>
                </TCEforms>
                <type>array</type>
                <el>
                    <settings.storagePID>
                        <TCEforms>
                            <label>LLL:EXT:bridge_jobs/Resources/Private/Language/locallang_flexform.xlf:flexforms_general.storagePID</label>
                            <config>
                                <type>group</type>
                                <internal_type>db</internal_type>
                                <allowed>pages</allowed>
                                <size>2</size>
                                <autoSizeMax>10</autoSizeMax>
                                <maxitems>99</maxitems>
                                <minitems>0</minitems>
                                <show_thumbs>1</show_thumbs>
                                <default></default>
                            </config>
                        </TCEforms>
                    </settings.storagePID> 
                    <settings.sortBy>
                        <TCEforms>
                            <label>LLL:EXT:bridge_jobs/Resources/Private/Language/locallang_flexform.xml:flexforms_general.sortBy</label>
                            <config>
                                <type>select</type>
                                  <size>1</size>
                                  <maxitems>1</maxitems>
                                  <items>
                                    <numIndex index="0" type="array">
                                      <numIndex index="0"></numIndex>
                                      <numIndex index="1">0</numIndex>
                                    </numIndex>
                                     <numIndex index="1" type="array">
                                      <numIndex index="0">UID</numIndex>
                                      <numIndex index="1">uid</numIndex>
                                    </numIndex>
                                    <numIndex index="2" type="array">
                                      <numIndex index="0">Title</numIndex>
                                      <numIndex index="1">title</numIndex>
                                    </numIndex>
                                    <numIndex index="3" type="array">
                                      <numIndex index="0">Teaser</numIndex>
                                      <numIndex index="1">teaser</numIndex>
                                    </numIndex>
                                  </items>                            
                            </config>
                        </TCEforms>
                    </settings.sortBy>
                    <settings.sortByType>
                        <TCEforms>
                            <label>LLL:EXT:bridge_jobs/Resources/Private/Language/locallang_flexform.xml:flexforms_general.sortByType</label>
                            <config>
                                <type>select</type>
                                  <size>1</size>
                                  <maxitems>1</maxitems>
                                  <items>
                                    <numIndex index="0" type="array">
                                      <numIndex index="0"></numIndex>
                                      <numIndex index="1">0</numIndex>
                                    </numIndex>
                                    <numIndex index="1" type="array">
                                      <numIndex index="0">Ascending</numIndex>
                                      <numIndex index="1">asc</numIndex>
                                    </numIndex>
                                    <numIndex index="2" type="array">
                                      <numIndex index="0">Descending</numIndex>
                                      <numIndex index="1">desc</numIndex>
                                    </numIndex>
                                  </items>                            
                            </config>
                        </TCEforms>
                    </settings.sortByType>


                    <settings.limit>
						<TCEforms>
							<label>LLL:EXT:bridge_jobs/Resources/Private/Language/locallang_flexform.xml:flexforms_general.limit</label>
							<config>
								<type>input</type>
								<size>2</size>
								<max>2</max>
                                <eval>num</eval>
							</config>
						</TCEforms>
					</settings.limit>
                    <settings.listPage>
                        <TCEforms>
                            <label>LLL:EXT:bridge_jobs/Resources/Private/Language/locallang_flexform.xlf:flexforms_general.listPage</label>
                            <config>
                                <type>group</type>
                                <internal_type>db</internal_type>
                                <allowed>pages</allowed>
                                <size>1</size>
                                <autoSizeMax>30</autoSizeMax>
                                <maxitems>1</maxitems>
                                <minitems>0</minitems>
                                <show_thumbs>1</show_thumbs>
                                <default></default>
                            </config>
                        </TCEforms>
                    </settings.listPage>
                    <settings.formLinkID>
                        <TCEforms>
                            <label>LLL:EXT:bridge_jobs/Resources/Private/Language/locallang_flexform.xlf:flexforms_general.formLinkPID</label>
                            <config>
							  <type>input</type>
							  <eval>trim</eval>
							  <size>10</size>
							  <default></default>
							  <wizards type="array">
							    <_PADDING type="integer">2</_PADDING>
							    <link type="array">
							      <type>popup</type>
							      <title>Link</title>
							      <icon>link_popup.gif</icon>
							      <script>browse_links.php?mode=wizard</script>
							      <JSopenParams>height=500,width=500,status=0,menubar=0,scrollbars=1</JSopenParams>
							    </link>
							  </wizards>                
							</config>
                        </TCEforms>
                    </settings.formLinkID>
                    <settings.templateLayout>
						<TCEforms>
						<label>LLL:EXT:bridge_jobs/Resources/Private/Language/locallang_flexform.xlf:flexforms_general.templateLayout</label>
							<config>
								<type>select</type>
							      <size>1</size>
							      <maxitems>1</maxitems>
							      <items>
							        <numIndex index="0" type="array">
							          <numIndex index="0"></numIndex>
							          <numIndex index="1">0</numIndex>
							        </numIndex>
							        <numIndex index="1" type="array">
							          <numIndex index="0">Home Page</numIndex>
							          <numIndex index="1">homelayout</numIndex>
							        </numIndex>
							        <numIndex index="2" type="array">
							          <numIndex index="0">Jobs Page</numIndex>
							          <numIndex index="1">joblayout</numIndex>
							        </numIndex>
							      </items>					          
							</config>
						</TCEforms>
					</settings.templateLayout>
                </el>
            </ROOT>
        </sDEF>
        <template>
            <ROOT>
                <TCEforms>
                    <sheetTitle>LLL:EXT:bridge_jobs/Resources/Private/Language/locallang_flexform.xlf:flexforms_general.template.setting</sheetTitle>
                </TCEforms>
                <type>array</type>
                <el>
 					<settings.list>
						<TCEforms>
							<label>LLL:EXT:bridge_jobs/Resources/Private/Language/locallang_flexform.xml:flexforms_general.template.list</label>
							<config>
								<type>input</type>
								<size>20</size>
								<max>50</max>
                                <eval>trim</eval>
								<default></default>
							</config>
						</TCEforms>
					</settings.list> 					
                </el>
            </ROOT>
        </template>
    </sheets>
</T3DataStructure>