<T3DataStructure>
    <meta>
        <langDisable>1</langDisable>
    </meta>
    <sheets>
        <sDEF>
            <ROOT>
                <TCEforms>
                    <sheetTitle>LLL:EXT:bridge_teams/Resources/Private/Language/locallang_flexform.xlf:flexforms_general.generalSetting</sheetTitle>
                </TCEforms>
                <type>array</type>
                <el>
                    <settings.storagePID>
                        <TCEforms>
                            <label>LLL:EXT:bridge_teams/Resources/Private/Language/locallang_flexform.xlf:flexforms_general.storagePID</label>
                            <config>
                                <type>group</type>
                                <internal_type>db</internal_type>
                                <allowed>pages</allowed>
                                <size>1</size>
                                <autoSizeMax>10</autoSizeMax>
                                <maxitems>1</maxitems>
                                <minitems>0</minitems>
                                <show_thumbs>1</show_thumbs>
                                <default></default>
                            </config>
                        </TCEforms>
                    </settings.storagePID>
                    <settings.limit>
						<TCEforms>
							<label>LLL:EXT:bridge_teams/Resources/Private/Language/locallang_flexform.xml:flexforms_general.limit</label>
							<config>
								<type>input</type>
								<size>2</size>
								<max>2</max>
                                <eval>num</eval>
							</config>
						</TCEforms>
					</settings.limit>                    
                    <settings.templateLayout>
						<TCEforms>
						<label>LLL:EXT:bridge_teams/Resources/Private/Language/locallang_flexform.xlf:flexforms_general.templateLayout</label>
							<config>
								<type>select</type>
							      <size>1</size>
							      <maxitems>1</maxitems>
							      <items>
							        <numIndex index="0" type="array">
							          <numIndex index="0"></numIndex>
							          <numIndex index="1">0</numIndex>
							        </numIndex>
							        <numIndex index="1" type="array">
							          <numIndex index="0">Home Page</numIndex>
							          <numIndex index="1">homelayout</numIndex>
							        </numIndex>
							        <numIndex index="2" type="array">
							          <numIndex index="0">Team Page</numIndex>
							          <numIndex index="1">teamlayout</numIndex>
							        </numIndex>
							      </items>					          
							</config>
						</TCEforms>
					</settings.templateLayout>
                </el>
            </ROOT>
        </sDEF>  
        <labels>
            <ROOT>
                <TCEforms>
                    <sheetTitle>LLL:EXT:bridge_teams/Resources/Private/Language/locallang_flexform.xlf:flexforms_general.labels.setting</sheetTitle>
                </TCEforms>
                <type>array</type>
                <el>
 					<settings.list>
						<TCEforms>
							<label>LLL:EXT:bridge_teams/Resources/Private/Language/locallang_flexform.xml:flexforms_general.label.title</label>
							<config>
								<type>input</type>
								<size>20</size>
								<max>50</max>
                                <eval>trim</eval>
							</config>
						</TCEforms>
					</settings.list>
 					
                </el>
            </ROOT>
        </labels>      
    </sheets>
</T3DataStructure>