{
    "modules": [
        {
            "config": {
                "position": [
                    96,
                    85
                ]
            },
            "name": "New Model Object",
            "value": {
                "actionGroup": {
                    "_default0_list": false,
                    "_default1_show": false,
                    "_default2_new_create": false,
                    "_default3_edit_update": false,
                    "_default4_delete": false,
                    "customActions": [
                        "video"
                    ]
                },
                "name": "Videos",
                "objectsettings": {
                    "addDeletedField": true,
                    "addHiddenField": true,
                    "addStarttimeEndtimeFields": true,
                    "aggregateRoot": true,
                    "categorizable": false,
                    "description": "",
                    "mapToTable": "",
                    "parentClass": "",
                    "sorting": false,
                    "type": "Entity",
                    "uid": "576970873257"
                },
                "propertyGroup": {
                    "properties": [
                        {
                            "allowedFileTypes": "",
                            "maxItems": "1",
                            "propertyDescription": "",
                            "propertyIsExcludeField": true,
                            "propertyIsRequired": false,
                            "propertyName": "uploadVideo",
                            "propertyType": "String",
                            "uid": "853180781348"
                        },
                        {
                            "allowedFileTypes": "",
                            "maxItems": "1",
                            "propertyDescription": "",
                            "propertyIsExcludeField": true,
                            "propertyIsRequired": false,
                            "propertyName": "alttag",
                            "propertyType": "String",
                            "uid": "323927507036"
                        },
                        {
                            "allowedFileTypes": "",
                            "maxItems": "1",
                            "propertyDescription": "",
                            "propertyIsExcludeField": true,
                            "propertyIsRequired": false,
                            "propertyName": "backgroundImage",
                            "propertyType": "Image",
                            "uid": "854806625426"
                        }
                    ]
                },
                "relationGroup": {
                    "relations": []
                }
            }
        }
    ],
    "properties": {
        "backendModules": [],
        "description": "Video database to show various videos on bridge site with lists and detail view. Easy to set-up yet powerful and flexible. Please ask for free support on the mailing lists, or contact the owner for paid Support.",
        "emConf": {
            "category": "plugin",
            "custom_category": "",
            "dependsOn": "typo3 => 6.0.0 - 6.2.99",
            "disableLocalization": false,
            "disableVersioning": false,
            "sourceLanguage": "en",
            "state": "stable",
            "targetVersion": "6.2",
            "version": "1.0.0"
        },
        "extensionKey": "bridge_videos",
        "name": "Video Control",
        "originalExtensionKey": "bridge_videos",
        "persons": [],
        "plugins": [
            {
                "actions": {
                    "controllerActionCombinations": "Videos => video",
                    "noncacheableActions": "Videos => video",
                    "switchableActions": ""
                },
                "key": "video",
                "name": "Video Control"
            }
        ],
        "vendorName": "BridgeVideos"
    },
    "wires": [],
    "log": {
        "last_modified": "2015-10-01 12:10",
        "extension_builder_version": "6.2.0",
        "be_user": " (1)"
    }
}