{
    "modules": [
        {
            "config": {
                "position": [
                    221,
                    88
                ]
            },
            "name": "New Model Object",
            "value": {
                "actionGroup": {
                    "_default0_list": false,
                    "_default1_show": false,
                    "_default2_new_create": false,
                    "_default3_edit_update": false,
                    "_default4_delete": false,
                    "customActions": [
                        "team"
                    ]
                },
                "name": "Teams",
                "objectsettings": {
                    "addDeletedField": true,
                    "addHiddenField": true,
                    "addStarttimeEndtimeFields": true,
                    "aggregateRoot": true,
                    "categorizable": false,
                    "description": "",
                    "mapToTable": "",
                    "parentClass": "",
                    "sorting": false,
                    "type": "Entity",
                    "uid": "246693413389"
                },
                "propertyGroup": {
                    "properties": [
                        {
                            "allowedFileTypes": "",
                            "maxItems": "1",
                            "propertyDescription": "",
                            "propertyIsExcludeField": true,
                            "propertyIsRequired": false,
                            "propertyName": "name",
                            "propertyType": "String",
                            "uid": "1095153790290"
                        },
                        {
                            "allowedFileTypes": "",
                            "maxItems": "1",
                            "propertyDescription": "",
                            "propertyIsExcludeField": true,
                            "propertyIsRequired": false,
                            "propertyName": "designation",
                            "propertyType": "String",
                            "uid": "206464667733"
                        },
                        {
                            "allowedFileTypes": "",
                            "maxItems": "1",
                            "propertyDescription": "",
                            "propertyIsExcludeField": true,
                            "propertyIsRequired": false,
                            "propertyName": "address",
                            "propertyType": "RichText",
                            "uid": "44953691644"
                        },
                        {
                            "allowedFileTypes": "",
                            "maxItems": "1",
                            "propertyDescription": "",
                            "propertyIsExcludeField": true,
                            "propertyIsRequired": false,
                            "propertyName": "phone",
                            "propertyType": "RichText",
                            "uid": "1139637473853"
                        },
                        {
                            "allowedFileTypes": "",
                            "maxItems": "1",
                            "propertyDescription": "",
                            "propertyIsExcludeField": true,
                            "propertyIsRequired": false,
                            "propertyName": "email",
                            "propertyType": "String",
                            "uid": "1100501785894"
                        },
                        {
                            "allowedFileTypes": "",
                            "maxItems": "1",
                            "propertyDescription": "",
                            "propertyIsExcludeField": true,
                            "propertyIsRequired": false,
                            "propertyName": "motto",
                            "propertyType": "RichText",
                            "uid": "908360793199"
                        },
                        {
                            "allowedFileTypes": "",
                            "maxItems": "1",
                            "propertyDescription": "",
                            "propertyIsExcludeField": true,
                            "propertyIsRequired": false,
                            "propertyName": "image",
                            "propertyType": "Image",
                            "uid": "317828177301"
                        }
                    ]
                },
                "relationGroup": {
                    "relations": []
                }
            }
        }
    ],
    "properties": {
        "backendModules": [],
        "description": "Team database to show various teams on bridge site with lists and detail view. Easy to set-up yet powerful and flexible. Please ask for free support on the mailing lists, or contact the owner for paid Support.",
        "emConf": {
            "category": "plugin",
            "custom_category": "",
            "dependsOn": "typo3 => 6.0.0 - 6.2.99",
            "disableLocalization": false,
            "disableVersioning": false,
            "sourceLanguage": "en",
            "state": "stable",
            "targetVersion": "6.2",
            "version": "1.0.0"
        },
        "extensionKey": "bridge_teams",
        "name": "Team Control",
        "originalExtensionKey": "bridge_teams",
        "persons": [],
        "plugins": [
            {
                "actions": {
                    "controllerActionCombinations": "Teams => team",
                    "noncacheableActions": "Teams => team",
                    "switchableActions": ""
                },
                "key": "team",
                "name": "Team Control"
            }
        ],
        "vendorName": "BridgeTeams"
    },
    "wires": [],
    "log": {
        "last_modified": "2015-09-30 02:37",
        "extension_builder_version": "6.2.0",
        "be_user": " (1)"
    }
}