{
    "modules": [
        {
            "config": {
                "position": [
                    84,
                    146
                ]
            },
            "name": "New Model Object",
            "value": {
                "actionGroup": {
                    "_default0_list": false,
                    "_default1_show": false,
                    "_default2_new_create": false,
                    "_default3_edit_update": false,
                    "_default4_delete": false,
                    "customActions": []
                },
                "name": "Category",
                "objectsettings": {
                    "addDeletedField": true,
                    "addHiddenField": true,
                    "addStarttimeEndtimeFields": true,
                    "aggregateRoot": true,
                    "categorizable": false,
                    "description": "",
                    "mapToTable": "",
                    "parentClass": "",
                    "sorting": false,
                    "type": "Entity",
                    "uid": "1310942290646"
                },
                "propertyGroup": {
                    "properties": [
                        {
                            "allowedFileTypes": "",
                            "maxItems": "1",
                            "propertyDescription": "",
                            "propertyIsExcludeField": true,
                            "propertyIsRequired": false,
                            "propertyName": "title",
                            "propertyType": "String",
                            "uid": "1077240128535"
                        },
                        {
                            "allowedFileTypes": "",
                            "maxItems": "1",
                            "propertyDescription": "",
                            "propertyIsExcludeField": true,
                            "propertyIsRequired": false,
                            "propertyName": "shortDescription",
                            "propertyType": "Text",
                            "uid": "1097789486182"
                        },
                        {
                            "allowedFileTypes": "",
                            "maxItems": "1",
                            "propertyDescription": "",
                            "propertyIsExcludeField": true,
                            "propertyIsRequired": false,
                            "propertyName": "image",
                            "propertyType": "Image",
                            "uid": "1413002094491"
                        }
                    ]
                },
                "relationGroup": {
                    "relations": []
                }
            }
        },
        {
            "config": {
                "position": [
                    319,
                    149
                ]
            },
            "name": "New Model Object",
            "value": {
                "actionGroup": {
                    "_default0_list": false,
                    "_default1_show": false,
                    "_default2_new_create": false,
                    "_default3_edit_update": false,
                    "_default4_delete": false,
                    "customActions": []
                },
                "name": "SubCategory",
                "objectsettings": {
                    "addDeletedField": true,
                    "addHiddenField": true,
                    "addStarttimeEndtimeFields": true,
                    "aggregateRoot": true,
                    "categorizable": false,
                    "description": "",
                    "mapToTable": "",
                    "parentClass": "",
                    "sorting": false,
                    "type": "Entity",
                    "uid": "236091235056"
                },
                "propertyGroup": {
                    "properties": [
                        {
                            "allowedFileTypes": "",
                            "maxItems": "1",
                            "propertyDescription": "",
                            "propertyIsExcludeField": true,
                            "propertyIsRequired": false,
                            "propertyName": "title",
                            "propertyType": "String",
                            "uid": "626713267800"
                        },
                        {
                            "allowedFileTypes": "",
                            "maxItems": "1",
                            "propertyDescription": "",
                            "propertyIsExcludeField": true,
                            "propertyIsRequired": false,
                            "propertyName": "shortDescription",
                            "propertyType": "Text",
                            "uid": "938614099095"
                        },
                        {
                            "allowedFileTypes": "",
                            "maxItems": "1",
                            "propertyDescription": "",
                            "propertyIsExcludeField": true,
                            "propertyIsRequired": false,
                            "propertyName": "image",
                            "propertyType": "Image",
                            "uid": "206823478737"
                        }
                    ]
                },
                "relationGroup": {
                    "relations": [
                        {
                            "foreignRelationClass": "",
                            "lazyLoading": false,
                            "propertyIsExcludeField": true,
                            "relationDescription": "",
                            "relationName": "category",
                            "relationType": "manyToOne",
                            "relationWire": "[wired]",
                            "uid": "1244840890245"
                        }
                    ]
                }
            }
        },
        {
            "config": {
                "position": [
                    585,
                    142
                ]
            },
            "name": "New Model Object",
            "value": {
                "actionGroup": {
                    "_default0_list": false,
                    "_default1_show": false,
                    "_default2_new_create": false,
                    "_default3_edit_update": false,
                    "_default4_delete": false,
                    "customActions": [
                        "category",
                        "product"
                    ]
                },
                "name": "Product",
                "objectsettings": {
                    "addDeletedField": true,
                    "addHiddenField": true,
                    "addStarttimeEndtimeFields": true,
                    "aggregateRoot": true,
                    "categorizable": false,
                    "description": "",
                    "mapToTable": "",
                    "parentClass": "",
                    "sorting": false,
                    "type": "Entity",
                    "uid": "998627033547"
                },
                "propertyGroup": {
                    "properties": [
                        {
                            "allowedFileTypes": "",
                            "maxItems": "1",
                            "propertyDescription": "",
                            "propertyIsExcludeField": true,
                            "propertyIsRequired": false,
                            "propertyName": "title",
                            "propertyType": "String",
                            "uid": "125085440262"
                        },
                        {
                            "allowedFileTypes": "",
                            "maxItems": "1",
                            "propertyDescription": "",
                            "propertyIsExcludeField": true,
                            "propertyIsRequired": false,
                            "propertyName": "shortDescription",
                            "propertyType": "Text",
                            "uid": "97514691070"
                        },
                        {
                            "allowedFileTypes": "",
                            "maxItems": "1",
                            "propertyDescription": "",
                            "propertyIsExcludeField": true,
                            "propertyIsRequired": false,
                            "propertyName": "price",
                            "propertyType": "String",
                            "uid": "887460884960"
                        },
                        {
                            "allowedFileTypes": "",
                            "maxItems": "1",
                            "propertyDescription": "",
                            "propertyIsExcludeField": true,
                            "propertyIsRequired": false,
                            "propertyName": "specification",
                            "propertyType": "Text",
                            "uid": "1449228723317"
                        },
                        {
                            "allowedFileTypes": "",
                            "maxItems": "1",
                            "propertyDescription": "",
                            "propertyIsExcludeField": true,
                            "propertyIsRequired": false,
                            "propertyName": "description",
                            "propertyType": "RichText",
                            "uid": "963197763539"
                        },
                        {
                            "allowedFileTypes": "",
                            "maxItems": "1",
                            "propertyDescription": "",
                            "propertyIsExcludeField": true,
                            "propertyIsRequired": false,
                            "propertyName": "description1",
                            "propertyType": "RichText",
                            "uid": "1033452227486"
                        },
                        {
                            "allowedFileTypes": "",
                            "maxItems": "1",
                            "propertyDescription": "",
                            "propertyIsExcludeField": true,
                            "propertyIsRequired": false,
                            "propertyName": "image",
                            "propertyType": "Image",
                            "uid": "1216209740948"
                        },
                        {
                            "allowedFileTypes": "",
                            "maxItems": "1",
                            "propertyDescription": "",
                            "propertyIsExcludeField": true,
                            "propertyIsRequired": false,
                            "propertyName": "gallery",
                            "propertyType": "Image",
                            "uid": "1317766477325"
                        },
                        {
                            "allowedFileTypes": "",
                            "maxItems": "1",
                            "propertyDescription": "",
                            "propertyIsExcludeField": true,
                            "propertyIsRequired": false,
                            "propertyName": "link",
                            "propertyType": "String",
                            "uid": "892488512970"
                        }
                    ]
                },
                "relationGroup": {
                    "relations": [
                        {
                            "foreignRelationClass": "",
                            "lazyLoading": false,
                            "propertyIsExcludeField": true,
                            "relationDescription": "",
                            "relationName": "subCategory",
                            "relationType": "manyToMany",
                            "relationWire": "[wired]",
                            "uid": "1281101764845"
                        }
                    ]
                }
            }
        }
    ],
    "properties": {
        "backendModules": [],
        "description": "Product",
        "emConf": {
            "category": "plugin",
            "custom_category": "",
            "dependsOn": "typo3 => 6.2 => 7.6.99\n",
            "disableLocalization": false,
            "disableVersioning": false,
            "skipGenerateDocumentationTemplate": false,
            "sourceLanguage": "de",
            "state": "stable",
            "targetVersion": "7.6.0-7.6.99",
            "version": "1.0.1"
        },
        "extensionKey": "js_product",
        "name": "product",
        "originalExtensionKey": "js_product",
        "originalVendorName": "JS",
        "persons": [],
        "plugins": [
            {
                "actions": {
                    "controllerActionCombinations": "Product => product",
                    "noncacheableActions": "Product => product",
                    "switchableActions": ""
                },
                "key": "Product",
                "name": "Product"
            },
            {
                "actions": {
                    "controllerActionCombinations": "Product => category",
                    "noncacheableActions": "Product => category",
                    "switchableActions": ""
                },
                "key": "category",
                "name": "Product Category"
            }
        ],
        "vendorName": "JS"
    },
    "wires": [
        {
            "src": {
                "moduleId": 1,
                "terminal": "relationWire_0",
                "uid": "1244840890245"
            },
            "tgt": {
                "moduleId": 0,
                "terminal": "SOURCES",
                "uid": "1310942290646"
            }
        },
        {
            "src": {
                "moduleId": 2,
                "terminal": "relationWire_0",
                "uid": "1281101764845"
            },
            "tgt": {
                "moduleId": 1,
                "terminal": "SOURCES",
                "uid": "236091235056"
            }
        }
    ],
    "log": {
        "last_modified": "2016-03-16 07:11",
        "extension_builder_version": "7.6.0",
        "be_user": " (1)"
    }
}