{
    "modules": [
        {
            "config": {
                "position": [
                    218,
                    142
                ]
            },
            "name": "New Model Object",
            "value": {
                "actionGroup": {
                    "_default0_list": false,
                    "_default1_show": false,
                    "_default2_new_create": false,
                    "_default3_edit_update": false,
                    "_default4_delete": false,
                    "customActions": [
                        "job"
                    ]
                },
                "name": "Jobs",
                "objectsettings": {
                    "addDeletedField": true,
                    "addHiddenField": true,
                    "addStarttimeEndtimeFields": true,
                    "aggregateRoot": true,
                    "categorizable": false,
                    "description": "",
                    "mapToTable": "",
                    "parentClass": "",
                    "sorting": false,
                    "type": "Entity",
                    "uid": "971114610072"
                },
                "propertyGroup": {
                    "properties": [
                        {
                            "allowedFileTypes": "",
                            "maxItems": "1",
                            "propertyDescription": "",
                            "propertyIsExcludeField": true,
                            "propertyIsRequired": false,
                            "propertyName": "title",
                            "propertyType": "String",
                            "uid": "93852922116"
                        },
                        {
                            "allowedFileTypes": "",
                            "maxItems": "1",
                            "propertyDescription": "",
                            "propertyIsExcludeField": true,
                            "propertyIsRequired": false,
                            "propertyName": "teaser",
                            "propertyType": "Text",
                            "uid": "569583615879"
                        },
                        {
                            "allowedFileTypes": "",
                            "maxItems": "1",
                            "propertyDescription": "",
                            "propertyIsExcludeField": true,
                            "propertyIsRequired": false,
                            "propertyName": "description",
                            "propertyType": "RichText",
                            "uid": "675251303922"
                        },
                        {
                            "allowedFileTypes": "",
                            "maxItems": "1",
                            "propertyDescription": "",
                            "propertyIsExcludeField": true,
                            "propertyIsRequired": false,
                            "propertyName": "file",
                            "propertyType": "Image",
                            "uid": "354332136231"
                        }
                    ]
                },
                "relationGroup": {
                    "relations": []
                }
            }
        }
    ],
    "properties": {
        "backendModules": [],
        "description": "Job database to show job offers on bridge site with lists and detail view. Easy to set-up yet powerful and flexible. Please ask for free support on the mailing lists, or contact the owner for paid Support.",
        "emConf": {
            "category": "plugin",
            "custom_category": "",
            "dependsOn": "typo3 => 6.0.0 - 6.2.99",
            "disableLocalization": false,
            "disableVersioning": false,
            "sourceLanguage": "en",
            "state": "stable",
            "targetVersion": "6.2",
            "version": "1.0.0"
        },
        "extensionKey": "bridge_jobs",
        "name": "Job Control",
        "originalExtensionKey": "bridge_jobs",
        "persons": [],
        "plugins": [
            {
                "actions": {
                    "controllerActionCombinations": "Jobs => job",
                    "noncacheableActions": "Jobs => job",
                    "switchableActions": ""
                },
                "key": "job",
                "name": "Job Control"
            }
        ],
        "vendorName": "BridgeJobs"
    },
    "wires": [],
    "log": {
        "last_modified": "2015-09-23 03:34",
        "extension_builder_version": "6.2.0",
        "be_user": " (1)"
    }
}