{
    "modules": [
        {
            "config": {
                "position": [
                    49,
                    95
                ]
            },
            "name": "New Model Object",
            "value": {
                "actionGroup": {
                    "_default0_list": true,
                    "_default1_show": false,
                    "_default2_new_create": false,
                    "_default3_edit_update": false,
                    "_default4_delete": false,
                    "customActions": []
                },
                "name": "Path",
                "objectsettings": {
                    "addDeletedField": true,
                    "addHiddenField": true,
                    "addStarttimeEndtimeFields": true,
                    "aggregateRoot": true,
                    "categorizable": false,
                    "description": "",
                    "mapToTable": "",
                    "parentClass": "",
                    "sorting": false,
                    "type": "Entity",
                    "uid": "929718421175"
                },
                "propertyGroup": {
                    "properties": []
                },
                "relationGroup": {
                    "relations": []
                }
            }
        }
    ],
    "properties": {
        "backendModules": [],
        "description": "",
        "emConf": {
            "category": "plugin",
            "custom_category": "",
            "dependsOn": "typo3 => 6.2\n",
            "disableLocalization": false,
            "disableVersioning": false,
            "sourceLanguage": "en",
            "state": "alpha",
            "targetVersion": "6.2",
            "version": ""
        },
        "extensionKey": "shortestpath",
        "name": "Shoertest Path",
        "originalExtensionKey": "shortestpath",
        "persons": [],
        "plugins": [
            {
                "actions": {
                    "controllerActionCombinations": "",
                    "noncacheableActions": "",
                    "switchableActions": ""
                },
                "key": "shortestpath",
                "name": "Shoertest Path"
            }
        ],
        "vendorName": "Pj"
    },
    "wires": [],
    "log": {
        "last_modified": "2016-02-27 10:34",
        "extension_builder_version": "6.2.0",
        "be_user": " (1)"
    }
}