<T3DataStructure>
  <meta>
	<langDisable>1</langDisable>
	<!--  <langChildren>1</langChildren>!-->
  </meta>
	<sheets>
		<sDEF>
			<ROOT>
			 <TCEforms>
            <sheetTitle>Blog Settings </sheetTitle>
            </TCEforms>
			<type>array</type>
				<el>
					<switchableControllerActions>
						<TCEforms>
							<label>Select Mode</label>							
							<config>
								<type>select</type>
								<items type="array">	
									<numIndex index="0" type="array">
										<numIndex index="0">List View</numIndex>
										<numIndex index="1">Post->listView</numIndex>
									</numIndex>
									<numIndex index="1" type="array">
										<numIndex index="0">Detail View</numIndex>
										<numIndex index="1">Post->detailView</numIndex>
									</numIndex>									
								
								</items>
								<selectedListStyle>width:300px</selectedListStyle>
								<itemListStyle>width:300px</itemListStyle>
								<maxitems>1</maxitems>
					            <size>1</size>
					            <multiple>1</multiple>
							</config>
						</TCEforms>
					</switchableControllerActions>
					
					<settings.blogcategory>
						<TCEforms>
						<exclude>1</exclude>
						<label>Blog Category:</label>
						<config>
								<type>select</type>
								<foreign_table>tx_blog_domain_model_category</foreign_table>
								<foreign_table_where> AND tx_blog_domain_model_category.deleted=0 AND tx_blog_domain_model_category.hidden=0 AND tx_blog_domain_model_category.sys_language_uid IN (-1, 0) </foreign_table_where>
								<maxitems>1</maxitems>
						</config>
						</TCEforms>
					</settings.blogcategory>	

					<settings.colno>
						<TCEforms>
						<label>Page Column :</label>
						<config>
							<type>select</type>
								<items type="array">	
									<numIndex index="0" type="array">
										<numIndex index="0">Column 1</numIndex>
										<numIndex index="1">1</numIndex>
									</numIndex>
									<numIndex index="1" type="array">
										<numIndex index="0">Column 2</numIndex>
										<numIndex index="1">2</numIndex>
									</numIndex>
									<numIndex index="2" type="array">
										<numIndex index="0">Column 3</numIndex>
										<numIndex index="1">3</numIndex>
									</numIndex>
									<numIndex index="3" type="array">
										<numIndex index="0">Column 4</numIndex>
										<numIndex index="1">4</numIndex>
									</numIndex>
								
								</items>
								<selectedListStyle>width:300px</selectedListStyle>
								<itemListStyle>width:300px</itemListStyle>
								<maxitems>1</maxitems>
					            <size>1</size>
					            <multiple>1</multiple>								
						</config>
						</TCEforms>
					</settings.colno>					
						
					<settings.colheadertxt>
						<TCEforms>
						<label>Column Header Text</label>
						<config>
						<type>input</type>
						<size>25</size>
						</config>
						</TCEforms>
					</settings.colheadertxt>
					
					
					<settings.detailpage>
						<TCEforms>
							<label>Blog Detail Page</label>
							<config>
								<type>group</type>
								<internal_type>db</internal_type>
								<allowed>pages</allowed>
								<size>1</size>
								<maxitems>1</maxitems>
								<minitems>0</minitems>
								<show_thumbs>1</show_thumbs>
							</config>
						</TCEforms>
					</settings.detailpage>	

					<settings.storage>
						<TCEforms>
							<label>Blog Storage</label>
							<config>
								<type>group</type>
								<internal_type>db</internal_type>
								<allowed>pages</allowed>
								<size>1</size>
								<maxitems>1</maxitems>
								<minitems>0</minitems>
								<show_thumbs>1</show_thumbs>
							</config>
						</TCEforms>
					</settings.storage>
					
										
				</el>
			</ROOT>
		</sDEF>
	</sheets>
</T3DataStructure>